date,new_users,events_created,media_uploaded,avg_media_per_event,api_errors,api_requests,avg_latency_ms,upload_time_s,availability_percent
2025-10-01,2,1,5,5.0,0,120,320,8,99.6
2025-10-03,1,0,2,0.0,1,90,410,12,99.4
2025-09-15,4,2,7,3.5,0,140,300,7,99.7
2025-09-22,1,1,1,1.0,0,80,280,6,99.9
2025-09-29,5,3,12,4.0,1,200,340,9,99.5
2025-10-04,2,1,3,3.0,0,100,290,5,99.8
2025-08-25,3,0,0,0.0,0,70,260,4,99.9
2025-09-17,1,2,2,1.0,0,175,333,8,99.4
2025-09-24,3,3,6,2.0,1,145,291,11,99.4
2025-09-30,2,0,0,0.0,0,81,340,9,99.8
2025-08-27,1,2,6,3.0,0,178,389,14,99.4
2025-09-14,2,2,4,2.0,0,126,317,12,99.4
2025-09-21,2,1,2,2.0,0,109,408,5,99.6
2025-09-28,1,0,0,0.0,0,88,406,12,99.6
2025-10-09,3,2,6,3.0,0,157,379,8,99.7